{
  "LightGBM_v2": {
    "ks_train": 0.3930382383238963,
    "ks_oos": 0.38867024023647945,
    "ks_oot": 0.34707078913087547,
    "auc_oot": 0.7349926746234718,
    "gini_oot": 46.99853492469437,
    "psi": 0.000832
  },
  "XGBoost": {
    "ks_train": 0.39915831661713586,
    "ks_oos": 0.3959148176448278,
    "ks_oot": 0.3472207255613771,
    "auc_oot": 0.73511094821002,
    "gini_oot": 47.022189642003994,
    "psi": 0.000822
  },
  "CatBoost": {
    "ks_train": 0.37247288600785766,
    "ks_oos": 0.36529364896571326,
    "ks_oot": 0.34617958236061647,
    "auc_oot": 0.7343477190414667,
    "gini_oot": 46.869543808293336,
    "psi": 0.000519
  },
  "RandomForest": {
    "ks_train": 0.37131766301023955,
    "ks_oos": 0.36555706820729783,
    "ks_oot": 0.3348004499909591,
    "auc_oot": 0.7280238591442926,
    "gini_oot": 45.60477182885852,
    "psi": 0.001233
  },
  "LR_L1_v2": {
    "ks_train": 0.34852597473988467,
    "ks_oos": 0.33996383206463704,
    "ks_oot": 0.32851029600771936,
    "auc_oot": 0.7208109747441068,
    "gini_oot": 44.162194948821366,
    "psi": 0.000687
  }
}