{
  "run_id": "20260308_043306",
  "timestamp": "2026-03-08T13:26:20.920950",
  "total_time_seconds": 31994.7,
  "n_features_selected": 72,
  "n_models": 5,
  "n_records_scored": 3900378,
  "ensemble_mode": "blend",
  "diagnostic_findings": [
    "REC_DIAS_ENTRE_RECARGAS drift PSI=2.3753 at 202502",
    "REC_DIAS_ENTRE_RECARGAS drift PSI=2.4543 at 202503",
    "Hyperparameters not optimized (defaults)",
    "Only 2 models tested (LR + LGBM)",
    "No cross-domain interaction features"
  ],
  "model_metrics": {
    "LightGBM_v2": {
      "ks_train": 0.3930382383238963,
      "ks_oos": 0.38867024023647945,
      "ks_oot": 0.34707078913087547,
      "auc_oot": 0.7349926746234718,
      "gini_oot": 46.99853492469437,
      "psi": 0.000832
    },
    "XGBoost": {
      "ks_train": 0.39915831661713586,
      "ks_oos": 0.3959148176448278,
      "ks_oot": 0.3472207255613771,
      "auc_oot": 0.73511094821002,
      "gini_oot": 47.022189642003994,
      "psi": 0.000822
    },
    "CatBoost": {
      "ks_train": 0.37247288600785766,
      "ks_oos": 0.36529364896571326,
      "ks_oot": 0.34617958236061647,
      "auc_oot": 0.7343477190414667,
      "gini_oot": 46.869543808293336,
      "psi": 0.000519
    },
    "RandomForest": {
      "ks_train": 0.37131766301023955,
      "ks_oos": 0.36555706820729783,
      "ks_oot": 0.3348004499909591,
      "auc_oot": 0.7280238591442926,
      "gini_oot": 45.60477182885852,
      "psi": 0.001233
    },
    "LR_L1_v2": {
      "ks_train": 0.34852597473988467,
      "ks_oos": 0.33996383206463704,
      "ks_oot": 0.32851029600771936,
      "auc_oot": 0.7208109747441068,
      "gini_oot": 44.162194948821366,
      "psi": 0.000687
    }
  },
  "ensemble_results": {
    "simple_avg": {
      "ks": 0.34417,
      "auc": 0.73338
    },
    "blend": {
      "ks": 0.34417,
      "auc": 0.73338,
      "psi": 0.00056,
      "weights": {
        "LightGBM_v2": 0.2,
        "XGBoost": 0.2,
        "CatBoost": 0.2,
        "RandomForest": 0.2,
        "LR_L1_v2": 0.2
      }
    },
    "stack": {
      "ks": 0.32763,
      "auc": 0.71731
    }
  }
}